timestamp,project_name,run_id,duration,emissions,emissions_rate,cpu_power,gpu_power,ram_power,cpu_energy,gpu_energy,ram_energy,energy_consumed,country_name,country_iso_code,region,cloud_provider,cloud_region,os,python_version,codecarbon_version,cpu_count,cpu_model,gpu_count,gpu_model,longitude,latitude,ram_total_size,tracking_mode,on_cloud,pue
2024-05-09T15:39:49,codecarbon,56f4fd1b-fe67-490b-ad54-5e2d056ab5b9,13.266688108444214,3.579289733873621e-06,2.6979527253643745e-07,8.1182,0.0039,3.0,1.1796736901349493e-05,1.1061702251434326e-08,4.357653458913168e-06,1.6165452062514093e-05,Denmark,DNK,capital region,,,macOS-14.4.1-arm64-arm-64bit,3.11.8,2.3.4,8,Apple M1,1,Apple M1,12.5298,55.6702,8.0,machine,N,1.0
2024-05-09T15:39:59,codecarbon,a53aee33-2a0f-4f96-83ab-dd2a25d62983,9.038781881332396,1.1347153046953896e-06,1.2553852052109954e-07,3.1266,0.0254,3.0,2.5938742493391032e-06,4.229569970236884e-08,2.488641738891602e-06,5.124811687933075e-06,Denmark,DNK,capital region,,,macOS-14.4.1-arm64-arm-64bit,3.11.8,2.3.4,8,Apple M1,1,Apple M1,12.5298,55.6702,8.0,machine,N,1.0
2024-05-09T15:51:06,codecarbon,1a36ef22-f80c-46aa-a28b-cdb06e3b52c8,11.13462495803833,4.510265083671908e-06,4.050666367901191e-07,11.562500000000002,0.0,3.0,1.617498975247145e-05,0.0,4.195105830828348e-06,2.03700955832998e-05,Denmark,DNK,capital region,,,macOS-14.4.1-arm64-arm-64bit,3.11.8,2.3.4,8,Apple M1,1,Apple M1,12.5298,55.6702,8.0,machine,N,1.0
2024-05-09T15:53:10,codecarbon,90bea786-3bde-475f-96a8-7f481507ea11,11.031005144119264,3.4556476116978124e-06,3.132667936013113e-07,8.1776,0.0,3.0,1.1419118872006734e-05,0.0,4.187917709350586e-06,1.560703658135732e-05,Denmark,DNK,capital region,,,macOS-14.4.1-arm64-arm-64bit,3.11.8,2.3.4,8,Apple M1,1,Apple M1,12.5298,55.6702,8.0,machine,N,1.0
2024-05-09T16:00:56,codecarbon,b4518aac-22da-4888-b03b-01c477810d6a,11.822006940841677,4.902743714418047e-06,4.147133172017063e-07,12.7213,0.0344,3.0,1.7853524470137225e-05,8.044827832116021e-08,4.208707610766093e-06,2.214268035922448e-05,Denmark,DNK,capital region,,,macOS-14.4.1-arm64-arm-64bit,3.11.8,2.3.4,8,Apple M1,1,Apple M1,12.5298,55.6702,8.0,machine,N,1.0
2024-05-09T16:03:35,codecarbon,8d55a13a-3a64-41dc-a2b2-a31d5667786f,11.201279878616331,3.769902235275013e-06,3.365599535167315e-07,9.113,0.0191,3.0,1.2778947459128167e-05,4.2902489165465044e-08,4.204481641451518e-06,1.7026331589745153e-05,Denmark,DNK,capital region,,,macOS-14.4.1-arm64-arm-64bit,3.11.8,2.3.4,8,Apple M1,1,Apple M1,12.5298,55.6702,8.0,machine,N,1.0
2024-05-09T16:06:23,codecarbon,e4f514c7-2c65-4b67-bbed-67ae8bf5522b,11.1122088432312,4.493212996496569e-06,4.043492216431415e-07,11.4134,0.0,3.0,1.6070574308143722e-05,0.0,4.222507476806641e-06,2.0293081784950364e-05,Denmark,DNK,capital region,,,macOS-14.4.1-arm64-arm-64bit,3.11.8,2.3.4,8,Apple M1,1,Apple M1,12.5298,55.6702,8.0,machine,N,1.0
2024-05-09T16:07:21,codecarbon,442f9e55-32a0-49e3-b08d-5cae098e6458,11.296952724456789,4.245542536592748e-06,3.7581307456492826e-07,10.713500000000002,0.0,3.0,1.4980927565826313e-05,0.0,4.193578958511352e-06,1.9174506524337664e-05,Denmark,DNK,capital region,,,macOS-14.4.1-arm64-arm-64bit,3.11.8,2.3.4,8,Apple M1,1,Apple M1,12.5298,55.6702,8.0,machine,N,1.0
2024-05-09T16:07:37,codecarbon,0dc4a6ca-60a9-4590-be83-7e64163b378d,11.120930910110474,3.983535931718708e-06,3.5820166170595665e-07,9.8863,0.0239999999999999,3.0,1.376271551003721e-05,5.3483106295267735e-08,4.1749850908915206e-06,1.7991183707223998e-05,Denmark,DNK,capital region,,,macOS-14.4.1-arm64-arm-64bit,3.11.8,2.3.4,8,Apple M1,1,Apple M1,12.5298,55.6702,8.0,machine,N,1.0
2024-05-09T16:07:50,codecarbon,0299de98-213b-4a2a-b432-ba0687e31db1,11.075863122940063,4.126381413254037e-06,3.725561942624205e-07,10.3929,0.0,3.0,1.446277656720082e-05,0.0,4.173552393913269e-06,1.863632896111409e-05,Denmark,DNK,capital region,,,macOS-14.4.1-arm64-arm-64bit,3.11.8,2.3.4,8,Apple M1,1,Apple M1,12.5298,55.6702,8.0,machine,N,1.0
2024-05-09T16:08:05,codecarbon,efe03fd9-0beb-4baa-82a8-2daf3e9a8ba9,11.087503910064695,4.793403071230211e-06,4.3232481450392027e-07,12.5461,0.0038,3.0,1.7465620942254862e-05,8.546667615572612e-09,4.174688259760539e-06,2.164885586963097e-05,Denmark,DNK,capital region,,,macOS-14.4.1-arm64-arm-64bit,3.11.8,2.3.4,8,Apple M1,1,Apple M1,12.5298,55.6702,8.0,machine,N,1.0
2024-05-09T16:08:19,codecarbon,70a82c73-df14-4ebf-875e-cfc74fd4099d,11.122437238693236,5.471486246847994e-06,4.919323102865926e-07,14.6598,0.0593999999999999,3.0,2.04037180822293e-05,1.3338512456417082e-07,4.174237648646037e-06,2.4711340855439503e-05,Denmark,DNK,capital region,,,macOS-14.4.1-arm64-arm-64bit,3.11.8,2.3.4,8,Apple M1,1,Apple M1,12.5298,55.6702,8.0,machine,N,1.0
2024-05-09T16:16:01,codecarbon,4b8b2c00-3465-4787-98d9-fc39dd3aa6a0,11.258119821548462,4.259483965633349e-06,3.783477199701266e-07,10.7298,0.0029,3.0,1.502971634209156e-05,6.554246346155803e-09,4.201200803120931e-06,1.9237471391558646e-05,Denmark,DNK,capital region,,,macOS-14.4.1-arm64-arm-64bit,3.11.8,2.3.4,8,Apple M1,1,Apple M1,12.5298,55.6702,8.0,machine,N,1.0
2024-05-09T16:16:13,codecarbon,3bf88ba5-75fc-46c0-bba6-8de5c10fa2d6,11.002983808517456,3.1639680095576764e-08,2.875554544675813e-09,6.515100000000001,0.0105,3.0,9.098043775320054e-06,2.3423574467500057e-08,4.188069899876913e-06,1.3309537249664464e-05,Canada,CAN,quebec,,,macOS-14.4.1-arm64-arm-64bit,3.11.8,2.3.4,8,Apple M1,1,Apple M1,-71.2,46.8,8.0,machine,N,1.0
2024-05-09T16:16:29,codecarbon,f57e3cf5-3f5c-46cc-8283-9f13f9e02035,11.3040030002594,4.150554133736944e-06,3.671756043979907e-07,10.3838,0.0156,3.0,1.4518567907227411e-05,3.486937634150188e-08,4.192065000534058e-06,1.8745502284102973e-05,Denmark,DNK,capital region,,,macOS-14.4.1-arm64-arm-64bit,3.11.8,2.3.4,8,Apple M1,1,Apple M1,12.5298,55.6702,8.0,machine,N,1.0
2024-05-09T16:16:43,codecarbon,b098aacc-22e5-435f-bb90-4fc5c2ad836d,11.346216917037964,4.831054405404982e-06,4.257854790481279e-07,12.6422,0.0125,3.0,1.7612484594384833e-05,2.8904103570514256e-08,4.1775151093800864e-06,2.181890380733543e-05,Denmark,DNK,capital region,,,macOS-14.4.1-arm64-arm-64bit,3.11.8,2.3.4,8,Apple M1,1,Apple M1,12.5298,55.6702,8.0,machine,N,1.0
2024-05-09T16:16:55,codecarbon,52a39670-c7fb-450d-ad7a-40354600d756,11.05901288986206,3.515438022474168e-06,3.178799100321887e-07,8.378699999999998,0.0126,3.0,1.1671495972951252e-05,2.8080517530441284e-08,4.177496631940206e-06,1.58770731224219e-05,Denmark,DNK,capital region,,,macOS-14.4.1-arm64-arm-64bit,3.11.8,2.3.4,8,Apple M1,1,Apple M1,12.5298,55.6702,8.0,machine,N,1.0
2024-05-09T16:18:50,codecarbon,1bba1283-ce9d-4115-8ce7-82bc87df2e11,11.179863929748535,3.2894963692490174e-06,2.942340255587536e-07,7.473899999999999,0.0622999999999999,3.0,1.050280760959784e-05,1.3961083851920233e-07,4.214215079943339e-06,1.485663352806038e-05,Denmark,DNK,capital region,,,macOS-14.4.1-arm64-arm-64bit,3.11.8,2.3.4,8,Apple M1,1,Apple M1,12.5298,55.6702,8.0,machine,N,1.0
2024-05-09T16:19:04,codecarbon,59f2ee61-f010-4284-809a-61acb496cfca,11.361960887908936,4.368446377105158e-06,3.84479969628652e-07,11.0667,0.0565,3.0,1.5423782667259376e-05,1.263658263617092e-07,4.179439147313436e-06,1.972958764093452e-05,Denmark,DNK,capital region,,,macOS-14.4.1-arm64-arm-64bit,3.11.8,2.3.4,8,Apple M1,1,Apple M1,12.5298,55.6702,8.0,machine,N,1.0
2024-05-09T16:19:16,codecarbon,8ed1378d-e6fd-4ddd-8ad9-9da0996c0e52,11.24561595916748,3.9670473076380674e-06,3.527638967969657e-07,9.855499999999996,0.005,3.0,1.3727777676946585e-05,1.1405448449982538e-08,4.177531599998474e-06,1.7916714725395037e-05,Denmark,DNK,capital region,,,macOS-14.4.1-arm64-arm-64bit,3.11.8,2.3.4,8,Apple M1,1,Apple M1,12.5298,55.6702,8.0,machine,N,1.0
2024-05-09T16:19:32,codecarbon,9e3511f9-f1ed-49cf-969b-c3ab7251cb58,11.284033060073853,3.9336242583486434e-06,3.486009157724764e-07,9.6631,0.0619,3.0,1.345033751054605e-05,1.4113415127330356e-07,4.174291690190633e-06,1.7765763352009987e-05,Denmark,DNK,capital region,,,macOS-14.4.1-arm64-arm-64bit,3.11.8,2.3.4,8,Apple M1,1,Apple M1,12.5298,55.6702,8.0,machine,N,1.0
2024-05-09T16:19:47,codecarbon,76e54f35-c23f-42ff-95bb-4f8237c8b443,10.9897780418396,3.372935681215596e-06,3.069157237183832e-07,7.915699999999999,0.0068,3.0,1.1036961665590604e-05,1.5105087730619644e-08,4.181410868962606e-06,1.5233477622283828e-05,Denmark,DNK,capital region,,,macOS-14.4.1-arm64-arm-64bit,3.11.8,2.3.4,8,Apple M1,1,Apple M1,12.5298,55.6702,8.0,machine,N,1.0
2024-05-09T16:21:35,codecarbon,99f3f70f-45a7-4358-b341-afa2b1f0cf39,11.985476970672607,3.641606181731123e-06,3.0383489873968377e-07,8.712599999999998,0.0,3.0,1.2235699665228526e-05,0.0,4.21119749546051e-06,1.6446897160689037e-05,Denmark,DNK,capital region,,,macOS-14.4.1-arm64-arm-64bit,3.11.8,2.3.4,8,Apple M1,1,Apple M1,12.5298,55.6702,8.0,machine,N,1.0
2024-05-09T16:21:50,codecarbon,884b99ee-5deb-4b15-a7a0-b13f7b99b2fb,11.816715002059937,4.465132147788142e-06,3.778657729334898e-07,11.4246,0.0115,3.0,1.595271221089363e-05,2.6933866043885563e-08,4.186611771583557e-06,2.0166257848521072e-05,Denmark,DNK,capital region,,,macOS-14.4.1-arm64-arm-64bit,3.11.8,2.3.4,8,Apple M1,1,Apple M1,12.5298,55.6702,8.0,machine,N,1.0
2024-05-09T16:22:03,codecarbon,7c036d3b-3e24-4bf6-a078-2a46031b7747,11.506223678588867,4.145079142556339e-06,3.602467028578307e-07,10.3765,0.0369,3.0,1.4457891127996976e-05,8.544914382696152e-08,4.177434841791788e-06,1.8720775113615725e-05,Denmark,DNK,capital region,,,macOS-14.4.1-arm64-arm-64bit,3.11.8,2.3.4,8,Apple M1,1,Apple M1,12.5298,55.6702,8.0,machine,N,1.0
2024-05-09T16:22:18,codecarbon,29214f23-9f36-4a20-a82c-3bc9fe448aff,11.132512092590332,4.21900161276013e-06,3.789801958147656e-07,10.6488,0.0246,3.0,1.4824020176410677e-05,5.5424790740013134e-08,4.175192515055339e-06,1.9054637482206028e-05,Denmark,DNK,capital region,,,macOS-14.4.1-arm64-arm-64bit,3.11.8,2.3.4,8,Apple M1,1,Apple M1,12.5298,55.6702,8.0,machine,N,1.0
2024-05-09T16:22:32,codecarbon,e5ec994b-72f2-4e75-aa1f-bb3c2ec324a4,11.291383028030396,3.7971125496766846e-06,3.362840973732367e-07,9.1719,0.0902,3.0,1.2767343596398829e-05,2.071627952655157e-07,4.174717466036479e-06,1.7149223857700824e-05,Denmark,DNK,capital region,,,macOS-14.4.1-arm64-arm-64bit,3.11.8,2.3.4,8,Apple M1,1,Apple M1,12.5298,55.6702,8.0,machine,N,1.0
2024-05-09T16:24:15,codecarbon,72a0a5d0-967f-4b8d-8ba0-514bd9bdc0f5,11.210411071777344,4.122593661201811e-06,3.677468769705158e-07,10.1872,0.0327,3.0,1.4327694403542412e-05,7.427010963360468e-08,4.217257499694825e-06,1.861922201287084e-05,Denmark,DNK,capital region,,,macOS-14.4.1-arm64-arm-64bit,3.11.8,2.3.4,8,Apple M1,1,Apple M1,12.5298,55.6702,8.0,machine,N,1.0
2024-05-09T16:24:29,codecarbon,a1e10606-6b9d-4a75-8ea9-e82d3eb7659a,11.697857856750488,4.301727376475108e-06,3.677363350754608e-07,10.832,0.0741,3.0,1.50810054620107e-05,1.7173669115702314e-07,4.175516764322916e-06,1.942825891749064e-05,Denmark,DNK,capital region,,,macOS-14.4.1-arm64-arm-64bit,3.11.8,2.3.4,8,Apple M1,1,Apple M1,12.5298,55.6702,8.0,machine,N,1.0
2024-05-09T16:24:42,codecarbon,7a3137e5-79b3-458d-b897-e09911b8d2d4,11.54891276359558,3.53054368398759e-06,3.057035546338657e-07,8.3823,0.0106,3.0,1.172730975276232e-05,2.50680191119512e-08,4.192918340365092e-06,1.594529611223936e-05,Denmark,DNK,capital region,,,macOS-14.4.1-arm64-arm-64bit,3.11.8,2.3.4,8,Apple M1,1,Apple M1,12.5298,55.6702,8.0,machine,N,1.0
2024-05-09T16:24:58,codecarbon,0689f406-3db0-46ac-a774-6c945ae5e8cc,11.443824052810667,3.711789827940592e-06,3.243487326274433e-07,8.8421,0.1013,3.0,1.234685313475132e-05,2.298563162949351e-07,4.187164107958475e-06,1.6763873559004733e-05,Denmark,DNK,capital region,,,macOS-14.4.1-arm64-arm-64bit,3.11.8,2.3.4,8,Apple M1,1,Apple M1,12.5298,55.6702,8.0,machine,N,1.0
2024-05-09T16:25:13,codecarbon,0efcbf56-b23c-493c-8aa9-1e24d8292945,11.1663076877594,3.607562434073552e-06,3.230756786353104e-07,8.697199999999999,0.0,3.0,1.2115484313699932e-05,0.0,4.177658160527547e-06,1.629314247422748e-05,Denmark,DNK,capital region,,,macOS-14.4.1-arm64-arm-64bit,3.11.8,2.3.4,8,Apple M1,1,Apple M1,12.5298,55.6702,8.0,machine,N,1.0
2024-05-09T17:09:01,codecarbon,5c20c610-9d27-44a2-ae56-e68020580156,11.097354173660278,2.9220508060294424e-06,2.633105837934749e-07,6.3391,0.0,3.0,8.958588462776608e-06,0.0,4.238519271214804e-06,1.3197107733991412e-05,Denmark,DNK,capital region,,,macOS-14.4.1-arm64-arm-64bit,3.11.8,2.3.4,8,Apple M1,1,Apple M1,12.5298,55.6702,8.0,machine,N,1.0
2024-05-09T17:09:15,codecarbon,50e860ea-9064-4a81-98ea-a02cc359e083,11.14770221710205,4.471626476320449e-06,4.011253968966252e-07,11.4073,0.0547,3.0,1.589675667367379e-05,1.2307449862692094e-07,4.175757567087809e-06,2.019558873938852e-05,Denmark,DNK,capital region,,,macOS-14.4.1-arm64-arm-64bit,3.11.8,2.3.4,8,Apple M1,1,Apple M1,12.5298,55.6702,8.0,machine,N,1.0
2024-05-09T17:09:27,codecarbon,20a924e3-e8c8-4b96-bda0-cc3dd44884f5,11.18965482711792,4.276416193571082e-06,3.821758811726049e-07,10.6393,0.1467,3.0,1.4808690702888702e-05,3.3114326047897337e-07,4.174109896024068e-06,1.9313943859391743e-05,Denmark,DNK,capital region,,,macOS-14.4.1-arm64-arm-64bit,3.11.8,2.3.4,8,Apple M1,1,Apple M1,12.5298,55.6702,8.0,machine,N,1.0
2024-05-09T17:09:43,codecarbon,76a87b01-eaa6-4b7b-a91b-8ac75462539e,11.10895824432373,3.876522178302609e-06,3.489546087981175e-07,9.5314,0.0144,3.0,1.3294052827490702e-05,3.216881656646728e-08,4.181646704673767e-06,1.7507868348730937e-05,Denmark,DNK,capital region,,,macOS-14.4.1-arm64-arm-64bit,3.11.8,2.3.4,8,Apple M1,1,Apple M1,12.5298,55.6702,8.0,machine,N,1.0
2024-05-09T17:09:57,codecarbon,6a01ef94-1b94-4163-ab26-d3c459f7d98f,11.235514879226685,3.743473152027555e-06,3.331821631911906e-07,9.1415,0.0038,3.0,1.2724017975760832e-05,8.547926942507427e-09,4.174401760101319e-06,1.6906967662804656e-05,Denmark,DNK,capital region,,,macOS-14.4.1-arm64-arm-64bit,3.11.8,2.3.4,8,Apple M1,1,Apple M1,12.5298,55.6702,8.0,machine,N,1.0
2024-05-09T17:23:58,codecarbon,0ead4585-e77f-49d8-a71e-5f8bb6d98631,11.201468229293823,4.59915751066236e-06,4.105852390523903e-07,11.6629,0.0,3.0,1.6522992081291147e-05,0.0,4.248575965563457e-06,2.0771568046854605e-05,Denmark,DNK,capital region,,,macOS-14.4.1-arm64-arm-64bit,3.11.8,2.3.4,8,Apple M1,1,Apple M1,12.5298,55.6702,8.0,machine,N,1.0
2024-05-09T17:24:10,codecarbon,f386ddaf-b1a7-4c24-8b55-61898d258c88,11.013282060623167,3.082772052900633e-06,2.799140198109299e-07,7.0044,0.0,3.0,9.7488968064785e-06,0.0,4.174090027809143e-06,1.3922986834287645e-05,Denmark,DNK,capital region,,,macOS-14.4.1-arm64-arm-64bit,3.11.8,2.3.4,8,Apple M1,1,Apple M1,12.5298,55.6702,8.0,machine,N,1.0
2024-05-09T17:24:25,codecarbon,b8932a71-de68-444b-8cce-8e14f18b5f62,11.009392023086548,3.327229440074891e-06,3.022173643283604e-07,7.797499999999999,0.0,3.0,1.0852854694591628e-05,0.0,4.174195925394695e-06,1.5027050619986322e-05,Denmark,DNK,capital region,,,macOS-14.4.1-arm64-arm-64bit,3.11.8,2.3.4,8,Apple M1,1,Apple M1,12.5298,55.6702,8.0,machine,N,1.0
2024-05-09T17:24:39,codecarbon,3fc29f91-a7ae-4682-8580-42f6807d5e22,11.242408275604248,4.253261243102307e-06,3.78322965937092e-07,10.772099999999998,0.0048,3.0,1.5018244164586066e-05,1.0990465482076013e-08,4.180132548014323e-06,1.9209367178082462e-05,Denmark,DNK,capital region,,,macOS-14.4.1-arm64-arm-64bit,3.11.8,2.3.4,8,Apple M1,1,Apple M1,12.5298,55.6702,8.0,machine,N,1.0
2024-05-09T17:24:51,codecarbon,fe4117ea-8300-43df-b27a-35960e0dd5cf,11.037965059280396,3.040411240366014e-06,2.7545034107620466e-07,6.861999999999999,0.0029,3.0,9.550865028964147e-06,6.449176980389489e-09,4.174354871114095e-06,1.3731669077058632e-05,Denmark,DNK,capital region,,,macOS-14.4.1-arm64-arm-64bit,3.11.8,2.3.4,8,Apple M1,1,Apple M1,12.5298,55.6702,8.0,machine,N,1.0
2024-05-09T17:27:04,codecarbon,fb2a4ec7-cdf0-403c-aff8-ac5a463c90c0,11.066731691360474,4.6969630359910895e-06,4.244218769357075e-07,12.1628,0.001,3.0,1.7015891989601985e-05,2.243636051813761e-09,4.1951598723729454e-06,2.1213295498026745e-05,Denmark,DNK,capital region,,,macOS-14.4.1-arm64-arm-64bit,3.11.8,2.3.4,8,Apple M1,1,Apple M1,12.5298,55.6702,8.0,machine,N,1.0
2024-05-09T17:27:17,codecarbon,8b6f9b70-6cec-48a2-922e-819999c2cb77,11.075227975845335,3.238162696095496e-06,2.923788750134814e-07,7.495300000000001,0.0038,3.0,1.043968873353137e-05,8.497193733851115e-09,4.176604946454366e-06,1.4624790873719588e-05,Denmark,DNK,capital region,,,macOS-14.4.1-arm64-arm-64bit,3.11.8,2.3.4,8,Apple M1,1,Apple M1,12.5298,55.6702,8.0,machine,N,1.0
2024-05-09T17:27:30,codecarbon,075ad677-facc-4f8e-8fc9-3fd151de6d14,11.163546085357666,4.172744236807064e-06,3.737830439272446e-07,10.5307,0.0,3.0,1.4668378888070584e-05,0.0,4.177342454592387e-06,1.884572134266297e-05,Denmark,DNK,capital region,,,macOS-14.4.1-arm64-arm-64bit,3.11.8,2.3.4,8,Apple M1,1,Apple M1,12.5298,55.6702,8.0,machine,N,1.0
2024-05-09T17:27:45,codecarbon,bf33d573-f0ab-460a-81bb-f19801edb514,11.029637098312378,3.892481743784408e-06,3.5291113470813906e-07,9.6082,0.0,3.0,1.3397938797089787e-05,0.0,4.182009100914002e-06,1.757994789800379e-05,Denmark,DNK,capital region,,,macOS-14.4.1-arm64-arm-64bit,3.11.8,2.3.4,8,Apple M1,1,Apple M1,12.5298,55.6702,8.0,machine,N,1.0
2024-05-09T17:27:59,codecarbon,52526042-80e6-4574-ae86-202192648a76,11.067327976226808,4.445218139646243e-06,4.016523364261728e-07,11.4023,0.0132999999999999,3.0,1.5872400916781693e-05,2.98116728067398e-08,4.174105922381083e-06,2.007631851196952e-05,Denmark,DNK,capital region,,,macOS-14.4.1-arm64-arm-64bit,3.11.8,2.3.4,8,Apple M1,1,Apple M1,12.5298,55.6702,8.0,machine,N,1.0
2024-05-22T14:51:48,codecarbon,5e07b3d2-7a87-4cd9-8708-e9d5ffe7b6b5,0.7935371398925781,2.238003503339433e-05,2.820288290025585e-05,42.5,243.47173031270097,283.3332896232605,9.364572167396543e-06,5.30353201924072e-05,6.16455744638742e-05,0.0001240454668236,Denmark,DNK,capital region,,,Linux-5.4.273-1.el7.elrepo.x86_64-x86_64-with-glibc2.17,3.10.13,2.4.1,32,Intel(R) Xeon(R) Gold 6226R CPU @ 2.90GHz,2,2 x NVIDIA A100-PCIE-40GB,12.5038,55.7704,755.5554389953613,machine,N,1.0
2024-05-22T14:51:52,codecarbon,2f3d1a77-20bb-4e1a-8d57-654db524b842,0.0805814266204834,1.358017078727547e-06,1.685273065620243e-05,42.5,56.91881583502942,283.3332896232605,9.4886538055208e-07,1.1130564416816924e-06,5.465137998446797e-06,7.527059820680569e-06,Denmark,DNK,capital region,,,Linux-5.4.273-1.el7.elrepo.x86_64-x86_64-with-glibc2.17,3.10.13,2.4.1,32,Intel(R) Xeon(R) Gold 6226R CPU @ 2.90GHz,2,2 x NVIDIA A100-PCIE-40GB,12.5038,55.7704,755.5554389953613,machine,N,1.0
2024-05-22T14:51:56,codecarbon,da12c203-903e-4194-8cd0-de7018fd4959,0.102546215057373,2.735345349319769e-06,2.667426923352934e-05,42.5,262.58131318098185,283.3332896232605,1.207608977953593e-06,6.74778316067659e-06,7.205763340977e-06,1.5161155479607182e-05,Denmark,DNK,capital region,,,Linux-5.4.273-1.el7.elrepo.x86_64-x86_64-with-glibc2.17,3.10.13,2.4.1,32,Intel(R) Xeon(R) Gold 6226R CPU @ 2.90GHz,2,2 x NVIDIA A100-PCIE-40GB,12.5038,55.7704,755.5554389953613,machine,N,1.0
2024-05-22T14:52:00,codecarbon,4c07925c-5d19-4693-9729-3631b973f72d,0.0983493328094482,2.44659937394389e-06,2.4876624010090386e-05,42.5,217.42416449727503,283.3332896232605,1.1580314901140003e-06,5.420004342227003e-06,6.98269188852881e-06,1.3560727720869812e-05,Denmark,DNK,capital region,,,Linux-5.4.273-1.el7.elrepo.x86_64-x86_64-with-glibc2.17,3.10.13,2.4.1,32,Intel(R) Xeon(R) Gold 6226R CPU @ 2.90GHz,2,2 x NVIDIA A100-PCIE-40GB,12.5038,55.7704,755.5554389953613,machine,N,1.0
2024-05-22T14:52:03,codecarbon,d9133730-3634-4de5-856d-2cf0a21b5bfb,0.0865392684936523,1.570102294042832e-06,1.8143235104396555e-05,42.5,84.83369902800335,283.3332896232605,1.0188857714335124e-06,1.7861125485296725e-06,5.897582875055226e-06,8.702581195018411e-06,Denmark,DNK,capital region,,,Linux-5.4.273-1.el7.elrepo.x86_64-x86_64-with-glibc2.17,3.10.13,2.4.1,32,Intel(R) Xeon(R) Gold 6226R CPU @ 2.90GHz,2,2 x NVIDIA A100-PCIE-40GB,12.5038,55.7704,755.5554389953613,machine,N,1.0
2024-05-22T14:56:45,codecarbon,9e2554a4-fa5c-44f9-abb4-b47725a589ff,0.5579218864440918,2.047325418358524e-05,3.669555663799331e-05,42.5,440.3134857698703,283.3332896232605,6.583070755004883e-06,6.508310762853853e-05,4.1810604329851245e-05,0.0001134767827133,Denmark,DNK,capital region,,,Linux-5.4.273-1.el7.elrepo.x86_64-x86_64-with-glibc2.17,3.10.13,2.4.1,32,Intel(R) Xeon(R) Gold 6226R CPU @ 2.90GHz,2,2 x NVIDIA A100-PCIE-40GB,12.5038,55.7704,755.5554389953613,machine,N,1.0
2024-05-22T14:56:50,codecarbon,516f063a-e0a3-4cc8-8acc-ed0eb3209906,0.0895209312438964,2.2779989607489343e-06,2.54465512042386e-05,42.5,233.79085357682527,283.3332896232605,1.053984628783332e-06,5.264170866325912e-06,6.308073377558306e-06,1.262622887266755e-05,Denmark,DNK,capital region,,,Linux-5.4.273-1.el7.elrepo.x86_64-x86_64-with-glibc2.17,3.10.13,2.4.1,32,Intel(R) Xeon(R) Gold 6226R CPU @ 2.90GHz,2,2 x NVIDIA A100-PCIE-40GB,12.5038,55.7704,755.5554389953613,machine,N,1.0
2024-05-22T14:56:54,codecarbon,b18a02b6-73be-4e5d-a773-b83daa6d441d,0.0914552211761474,3.497619279214685e-06,3.8244063425073246e-05,42.5,524.8302220121669,283.3332896232605,1.0770001345210609e-06,1.197389846652186e-05,6.3353005543334e-06,1.938619915537632e-05,Denmark,DNK,capital region,,,Linux-5.4.273-1.el7.elrepo.x86_64-x86_64-with-glibc2.17,3.10.13,2.4.1,32,Intel(R) Xeon(R) Gold 6226R CPU @ 2.90GHz,2,2 x NVIDIA A100-PCIE-40GB,12.5038,55.7704,755.5554389953613,machine,N,1.0
2024-05-22T14:56:58,codecarbon,c5e1c4eb-7980-460c-b33f-1b3f15d19f91,0.0937695503234863,1.697826582848221e-06,1.81063743719689e-05,42.5,74.55343482220425,283.3332896232605,1.1042460799217223e-06,1.7444458535464946e-06,6.561824660487048e-06,9.410516593955264e-06,Denmark,DNK,capital region,,,Linux-5.4.273-1.el7.elrepo.x86_64-x86_64-with-glibc2.17,3.10.13,2.4.1,32,Intel(R) Xeon(R) Gold 6226R CPU @ 2.90GHz,2,2 x NVIDIA A100-PCIE-40GB,12.5038,55.7704,755.5554389953613,machine,N,1.0
2024-05-22T14:57:02,codecarbon,21e7fd22-f8b0-4e37-b599-00dfa30548dc,0.100370168685913,2.3179251464637097e-06,2.309376557607629e-05,42.5,168.5796971567989,283.3332896232605,1.1815986699528163e-06,4.380003488790862e-06,7.285924953094991e-06,1.284752711183867e-05,Denmark,DNK,capital region,,,Linux-5.4.273-1.el7.elrepo.x86_64-x86_64-with-glibc2.17,3.10.13,2.4.1,32,Intel(R) Xeon(R) Gold 6226R CPU @ 2.90GHz,2,2 x NVIDIA A100-PCIE-40GB,12.5038,55.7704,755.5554389953613,machine,N,1.0
2024-05-22T15:07:07,codecarbon,a9c07e95-2d5c-47c2-91cc-94d09d0019f0,1.3668901920318604,5.083169991480544e-05,3.718784450362097e-05,42.5,420.8962712611924,283.3332896232605,1.613413691520691e-05,0.0001587956825801,0.0001068142410463,0.0002817440605416,Denmark,DNK,capital region,,,Linux-5.4.273-1.el7.elrepo.x86_64-x86_64-with-glibc2.17,3.10.13,2.4.1,32,Intel(R) Xeon(R) Gold 6226R CPU @ 2.90GHz,2,2 x NVIDIA A100-PCIE-40GB,12.5038,55.7704,755.5554389953613,machine,N,1.0
2024-05-22T15:07:12,codecarbon,c142d4e8-f65f-4fe3-98c6-ba3608575a82,0.0886323451995849,2.021897868110325e-06,2.2812189653307213e-05,42.5,173.75432488926026,283.3332896232605,1.0433114237255522e-06,3.890558645025521e-06,6.2728713213005e-06,1.1206741390051574e-05,Denmark,DNK,capital region,,,Linux-5.4.273-1.el7.elrepo.x86_64-x86_64-with-glibc2.17,3.10.13,2.4.1,32,Intel(R) Xeon(R) Gold 6226R CPU @ 2.90GHz,2,2 x NVIDIA A100-PCIE-40GB,12.5038,55.7704,755.5554389953613,machine,N,1.0
2024-05-22T15:07:16,codecarbon,81261edb-0644-46ad-a62e-04be46812364,0.1041457653045654,3.6410518587030494e-06,3.496111289839874e-05,42.5,424.3258102888321,283.3332896232605,1.2232613232400684e-06,1.1415842479323146e-05,7.542096846502014e-06,2.0181200649065223e-05,Denmark,DNK,capital region,,,Linux-5.4.273-1.el7.elrepo.x86_64-x86_64-with-glibc2.17,3.10.13,2.4.1,32,Intel(R) Xeon(R) Gold 6226R CPU @ 2.90GHz,2,2 x NVIDIA A100-PCIE-40GB,12.5038,55.7704,755.5554389953613,machine,N,1.0
2024-05-22T15:07:20,codecarbon,b4068706-13bc-49f2-a2fd-b221e0070ee8,0.0949299335479736,1.4171280973497517e-06,1.492814799700238e-05,42.5,0.0,283.3332896232605,1.1181533336639404e-06,0.0,6.736540196636536e-06,7.854693530300476e-06,Denmark,DNK,capital region,,,Linux-5.4.273-1.el7.elrepo.x86_64-x86_64-with-glibc2.17,3.10.13,2.4.1,32,Intel(R) Xeon(R) Gold 6226R CPU @ 2.90GHz,2,2 x NVIDIA A100-PCIE-40GB,12.5038,55.7704,755.5554389953613,machine,N,1.0
2024-05-22T15:07:24,codecarbon,7523e01a-89b1-45b8-9ff2-da8c793109c8,0.087634801864624,3.6828749149223056e-06,4.2025255224648265e-05,42.5,600.501112144227,283.3332896232605,1.0315883490774368e-06,1.3216955039752064e-05,6.164469253602552e-06,2.0413012642432053e-05,Denmark,DNK,capital region,,,Linux-5.4.273-1.el7.elrepo.x86_64-x86_64-with-glibc2.17,3.10.13,2.4.1,32,Intel(R) Xeon(R) Gold 6226R CPU @ 2.90GHz,2,2 x NVIDIA A100-PCIE-40GB,12.5038,55.7704,755.5554389953613,machine,N,1.0
2024-05-30T14:35:03,codecarbon,7aea461f-ab1c-4433-ba08-c9166a14c934,49.88713097572327,0.0018902145662033,3.78898230712689e-05,42.5,575.579160302144,141.58288621902466,0.0005889311750729,0.0079269224526417,0.0019610088039904,0.0104768624317051,Denmark,DNK,capital region,,,Linux-5.4.276-1.el7.elrepo.x86_64-x86_64-with-glibc2.17,3.10.13,2.4.1,32,Intel(R) Xeon(R) Gold 6142 CPU @ 2.60GHz,4,4 x Tesla V100-SXM2-32GB,12.5038,55.7704,377.5543632507324,machine,N,1.0
2024-05-30T14:35:48,codecarbon,892103ee-244a-40cc-81a7-72c47b2af671,40.57195472717285,0.001535165360778,3.783809212795574e-05,42.5,574.5380814177108,141.58288621902466,0.0004789625426133,0.0064429104321028,0.0015870638319106,0.0085089368066269,Denmark,DNK,capital region,,,Linux-5.4.276-1.el7.elrepo.x86_64-x86_64-with-glibc2.17,3.10.13,2.4.1,32,Intel(R) Xeon(R) Gold 6142 CPU @ 2.60GHz,4,4 x Tesla V100-SXM2-32GB,12.5038,55.7704,377.5543632507324,machine,N,1.0
2024-05-31T09:09:35,codecarbon,99ec642f-4061-47d3-890b-7f0b596dbe31,18.34257960319519,0.000314724299389,1.7158126403016574e-05,42.5,291.21184971443006,70.70862007141115,0.0002165399291449,0.0011678539898376,0.0003600234860935,0.001744417405076,Denmark,DNK,capital region,,,Linux-5.4.276-1.el7.elrepo.x86_64-x86_64-with-glibc2.17,3.10.13,2.4.1,24,Intel(R) Xeon(R) Gold 6126 CPU @ 2.60GHz,2,2 x Tesla V100-PCIE-16GB,12.5038,55.7704,188.5563201904297,machine,N,1.0
2024-05-31T09:09:48,codecarbon,9d1820fc-4586-4ba5-bd27-51e6c83c8a37,8.940256357192993,0.0001863893563223,2.0848323456902204e-05,42.5,303.0735238871972,70.70862007141115,0.0001055425764785,0.0007521053239063,0.000175449442022,0.0010330973424069,Denmark,DNK,capital region,,,Linux-5.4.276-1.el7.elrepo.x86_64-x86_64-with-glibc2.17,3.10.13,2.4.1,24,Intel(R) Xeon(R) Gold 6126 CPU @ 2.60GHz,2,2 x Tesla V100-PCIE-16GB,12.5038,55.7704,188.5563201904297,machine,N,1.0
2024-05-31T09:10:00,codecarbon,21c7c6d4-aca6-46fd-b370-188ca5d9f31a,7.901133060455322,0.0001700586468504,2.1523324002934773e-05,42.5,316.5298964649818,70.70862007141115,9.327520777781804e-05,0.0006942405553935,0.0001550656136894,0.0009425813768608,Denmark,DNK,capital region,,,Linux-5.4.276-1.el7.elrepo.x86_64-x86_64-with-glibc2.17,3.10.13,2.4.1,24,Intel(R) Xeon(R) Gold 6126 CPU @ 2.60GHz,2,2 x Tesla V100-PCIE-16GB,12.5038,55.7704,188.5563201904297,machine,N,1.0
2024-05-31T09:10:11,codecarbon,233afe98-457c-4b3b-8cdf-83087e308abd,7.911030530929565,0.0001744631268424,2.2053147963514576e-05,42.5,327.1215362438321,70.70862007141115,9.339204165670608e-05,0.0007183516857924,0.0001552502911214,0.0009669940185706,Denmark,DNK,capital region,,,Linux-5.4.276-1.el7.elrepo.x86_64-x86_64-with-glibc2.17,3.10.13,2.4.1,24,Intel(R) Xeon(R) Gold 6126 CPU @ 2.60GHz,2,2 x Tesla V100-PCIE-16GB,12.5038,55.7704,188.5563201904297,machine,N,1.0
2024-05-31T09:10:23,codecarbon,b396afbb-ea11-43d1-97f1-505ea066c7b9,7.991778612136841,0.0001714254011012,2.145021895888311e-05,42.5,315.2159495806145,70.70862007141115,9.4344971411758e-05,0.0006990322258921,0.0001567796667631,0.000950156864067,Denmark,DNK,capital region,,,Linux-5.4.276-1.el7.elrepo.x86_64-x86_64-with-glibc2.17,3.10.13,2.4.1,24,Intel(R) Xeon(R) Gold 6126 CPU @ 2.60GHz,2,2 x Tesla V100-PCIE-16GB,12.5038,55.7704,188.5563201904297,machine,N,1.0
2024-05-31T13:37:56,codecarbon,69b6d5ce-058e-492f-b381-fed4ed52f81f,33.48039650917053,0.0006102743846358,1.822781233993697e-05,42.5,252.05925307058465,70.70862007141115,0.0003952463130156,0.0023301290863262,0.0006571827968239,0.0033825581961657,Denmark,DNK,capital region,,,Linux-5.4.276-1.el7.elrepo.x86_64-x86_64-with-glibc2.17,3.10.13,2.4.1,24,Intel(R) Xeon(R) Gold 6126 CPU @ 2.60GHz,2,2 x Tesla V100-PCIE-16GB,12.5038,55.7704,188.5563201904297,machine,N,1.0
2024-05-31T13:38:25,codecarbon,4ee35d04-2fd8-47c9-8eb4-0f226d2c630d,24.97487950325012,0.0004761464049911,1.9065013103634546e-05,42.5,273.33542908603704,70.70862007141115,0.0002948380407359,0.0018540014831955,0.0004902896371895,0.0026391291611211,Denmark,DNK,capital region,,,Linux-5.4.276-1.el7.elrepo.x86_64-x86_64-with-glibc2.17,3.10.13,2.4.1,24,Intel(R) Xeon(R) Gold 6126 CPU @ 2.60GHz,2,2 x Tesla V100-PCIE-16GB,12.5038,55.7704,188.5563201904297,machine,N,1.0
2024-05-31T13:38:52,codecarbon,c606a04f-f1a9-44ca-b3ce-68116cc0b22a,22.65486621856689,0.000436703038142,1.9276345926253367e-05,42.5,274.6771363640211,70.70862007141115,0.000267442163825,0.0017083935889363,0.0004446712816923,0.0024205070344538,Denmark,DNK,capital region,,,Linux-5.4.276-1.el7.elrepo.x86_64-x86_64-with-glibc2.17,3.10.13,2.4.1,24,Intel(R) Xeon(R) Gold 6126 CPU @ 2.60GHz,2,2 x Tesla V100-PCIE-16GB,12.5038,55.7704,188.5563201904297,machine,N,1.0
2024-05-31T13:39:18,codecarbon,1218d7ca-99f7-436c-aae4-945e800589da,22.546475410461422,0.000438657914452,1.9455720083348976e-05,42.5,276.4215382058319,70.70862007141115,0.0002661688211891,0.0017225952669637,0.0004425782083588,0.0024313422965117,Denmark,DNK,capital region,,,Linux-5.4.276-1.el7.elrepo.x86_64-x86_64-with-glibc2.17,3.10.13,2.4.1,24,Intel(R) Xeon(R) Gold 6126 CPU @ 2.60GHz,2,2 x Tesla V100-PCIE-16GB,12.5038,55.7704,188.5563201904297,machine,N,1.0
2024-05-31T13:39:45,codecarbon,c38377b0-f6ec-4691-a10f-a46a6b98249b,22.34837007522583,0.0004330722059814,1.9378245685197247e-05,42.5,275.62679147229403,70.70862007141115,0.0002638288363814,0.0016979041361011,0.0004386495058811,0.0024003824783637,Denmark,DNK,capital region,,,Linux-5.4.276-1.el7.elrepo.x86_64-x86_64-with-glibc2.17,3.10.13,2.4.1,24,Intel(R) Xeon(R) Gold 6126 CPU @ 2.60GHz,2,2 x Tesla V100-PCIE-16GB,12.5038,55.7704,188.5563201904297,machine,N,1.0
2024-05-31T13:48:40,codecarbon,8fe36e35-8eb6-4b21-a762-f2e39baa5331,21.015737771987915,0.0003894138698683,1.852963117894496e-05,42.5,264.6424494637783,70.70862007141115,0.0002480980126394,0.0014977995315756,0.0004125005638913,0.0021583981081065,Denmark,DNK,capital region,,,Linux-5.4.276-1.el7.elrepo.x86_64-x86_64-with-glibc2.17,3.10.13,2.4.1,24,Intel(R) Xeon(R) Gold 6126 CPU @ 2.60GHz,2,2 x Tesla V100-PCIE-16GB,12.5038,55.7704,188.5563201904297,machine,N,1.0
2024-05-31T13:49:08,codecarbon,a4930fac-80e9-4f22-84e0-d13c63deecc5,24.324187517166138,0.0004656366444407,1.914294749257681e-05,42.5,273.1417692462902,70.70862007141115,0.0002871560520595,0.0018162728419035,0.0004774479832924,0.0025808768772556,Denmark,DNK,capital region,,,Linux-5.4.276-1.el7.elrepo.x86_64-x86_64-with-glibc2.17,3.10.13,2.4.1,24,Intel(R) Xeon(R) Gold 6126 CPU @ 2.60GHz,2,2 x Tesla V100-PCIE-16GB,12.5038,55.7704,188.5563201904297,machine,N,1.0
2024-05-31T13:49:37,codecarbon,cfd321b8-a7ad-41cc-ad31-3dad899268d5,24.25837755203247,0.0004711607819972,1.942260074840818e-05,42.5,275.8044335280099,70.70862007141115,0.0002863746197687,0.0018489839791868,0.0004761368283148,0.0026114954272704,Denmark,DNK,capital region,,,Linux-5.4.276-1.el7.elrepo.x86_64-x86_64-with-glibc2.17,3.10.13,2.4.1,24,Intel(R) Xeon(R) Gold 6126 CPU @ 2.60GHz,2,2 x Tesla V100-PCIE-16GB,12.5038,55.7704,188.5563201904297,machine,N,1.0
2024-05-31T13:50:04,codecarbon,c9a5b379-1828-44f5-bc0a-fc30e4cd46cb,23.81306314468384,0.0004612499090494,1.936961684630785e-05,42.5,275.5824607381397,70.70862007141115,0.000281120357414,0.0018080089464085,0.0004674332844416,0.0025565625882642,Denmark,DNK,capital region,,,Linux-5.4.276-1.el7.elrepo.x86_64-x86_64-with-glibc2.17,3.10.13,2.4.1,24,Intel(R) Xeon(R) Gold 6126 CPU @ 2.60GHz,2,2 x Tesla V100-PCIE-16GB,12.5038,55.7704,188.5563201904297,machine,N,1.0
2024-05-31T13:50:32,codecarbon,9ab49955-ca75-4a2c-bfd2-10ecc728bc1d,24.288624048233032,0.0004733482936102951,1.948847710229722e-05,42.5,277.35370453685937,70.70862007141115,0.0002867361098527908,0.001860099265854842,0.0004767847376418945,0.0026236201133495274,Denmark,DNK,capital region,,,Linux-5.4.276-1.el7.elrepo.x86_64-x86_64-with-glibc2.17,3.10.13,2.4.1,24,Intel(R) Xeon(R) Gold 6126 CPU @ 2.60GHz,2,2 x Tesla V100-PCIE-16GB,12.5038,55.7704,188.5563201904297,machine,N,1.0
